Scheme,Profile,Avg RTT,95th RTT
cubic,A,55.40200000000001,92.036
bbr,A,61.034915254237276,95.041
vegas,A,56.012166666666666,95.916
cubic,B,60.95824561403509,94.746
bbr,B,61.929,97.1445
vegas,B,57.51416666666667,92.842
